uuid,modelID
614b4193c80ed,nih-repotag
614b619410622,dkNET-DRP
614b942a24e02,nih-repotag
614ba8756c8db,dkNET-DRP
614ca9f858e45,nih-repotag
614df6a85b9b1,dkNET-DRP
6155da1f8eb60,nih-repotag
6155e4b25d5bb,dkNET-DRP
615737460a963,nih-repotag
61573f38ef525,dkNET-DRP
615b6fbe45269,nih-repotag
615b72f7e220a,dkNET-DRP
615b861287e14,nih-repotag
615b89fa770b6,dkNET-DRP
615ca12d7c927,nih-repotag
615ca4418ee3f,dkNET-DRP
615dc2fbd22e0,nih-repotag
615dc910773b8,dkNET-DRP
61605fb58afad,nih-repotag
616066f394fa6,dkNET-DRP
61609c4c0f5e7,nih-repotag
61609db5051d2,dkNET-DRP
6164b707b77b7,nih-repotag
6164baf6052a8,dkNET-DRP
6165af2cb187d,nih-repotag
6165b0f93475d,nih-repotag
6165b40aacafb,dkNET-DRP
616710b6c03dd,nih-repotag
616712744a595,dkNET-DRP
616769a459812,nih-repotag
61676b2d11524,dkNET-DRP
61686ac4ad055,nih-repotag
61686ff532d84,nih-repotag
616f3cb72e148,nih-repotag
616f4035b5cf4,dkNET-DRP
6171cf99205e8,nih-repotag
6171d0459add1,dkNET-DRP
61732cf671895,nih-repotag
61732f9ba6055,dkNET-DRP
61735aa7d68c3,nih-repotag
61735ece7e758,dkNET-DRP
6176c6b4dd317,nih-repotag
6176c7d44b34c,nih-repotag
6176c84f1c023,dkNET-DRP
6176dfa6ee87d,nih-repotag
6176e09b35d7f,dkNET-DRP
617742d14acc1,nih-repotag
6177452b8b6c7,dkNET-DRP
61782a0f4e570,nih-repotag
61782a94716e3,dkNET-DRP
61783dff71132,nih-repotag
61783f4d79d42,nih-repotag
61783f6c4c8e7,dkNET-DRP
61784d684d1f9,nih-repotag
617850897d411,dkNET-DRP
617864108327a,nih-repotag
617864ac7b873,dkNET-DRP
61799a43902aa,nih-repotag
61799d37c3555,dkNET-DRP
6179b959adabb,nih-repotag
6179b9da80888,dkNET-DRP
617acbeb92a09,nih-repotag
617accb79fb53,dkNET-DRP
617ad2ab32afc,dkNET-DRP
617af27cbf803,nih-repotag
617af3b01bff2,dkNET-DRP
617afee95d0df,nih-repotag
617aff8495ced,dkNET-DRP
617c7686bf811,nih-repotag
617c779c5bc94,dkNET-DRP
618009bd3789a,nih-repotag
61800a6acbf2a,dkNET-DRP
6180580202271,nih-repotag
618059117b7a2,nih-repotag
61805a39e24bb,dkNET-DRP
6180631e0deb3,nih-repotag
618063ccbdc33,nih-repotag
618063fc1eba5,dkNET-DRP
618169173a39c,nih-repotag
61816a627e26b,dkNET-DRP
61818011c4f4c,nih-repotag
618180e41db0e,dkNET-DRP
61818b3d0e2ea,nih-repotag
61818c0471e3e,dkNET-DRP
61819416c02ac,nih-repotag
618194d41e94a,dkNET-DRP
6182dc5607fe7,nih-repotag
6182df9c3d9e3,dkNET-DRP
6182f50c70005,nih-repotag
6182f66084e0b,dkNET-DRP
6183016f8dc5b,nih-repotag
61830248beb1c,dkNET-DRP
618563e3821c2,nih-repotag
61856c2f8d135,dkNET-DRP
6187717eaa7b2,nih-repotag
618772a4eda31,dkNET-DRP
6189537d1a4ec,nih-repotag
61895560bbab4,dkNET-DRP
618ab19899b69,nih-repotag
618ab2f1efc9f,dkNET-DRP
618ac64660c82,nih-repotag
618ac6bb76674,dkNET-DRP
618af15d68116,nih-repotag
618af1fa72f85,dkNET-DRP
618af98b39720,nih-repotag
618af9cfc3a69,nih-repotag
618afa63748f2,dkNET-DRP
618b03f590135,nih-repotag
618b05ddaf1c8,dkNET-DRP
618b0e11d745c,nih-repotag
618b0ed289968,dkNET-DRP
618e946382942,nih-repotag
618e95d1e58c7,dkNET-DRP
618eaa21a0564,nih-repotag
618eaa9fcd36f,dkNET-DRP
61941b83b6133,nih-repotag
61941c2f7748c,dkNET-DRP
619425a9727a7,nih-repotag
6194263e7be8a,nih-repotag
61942b69bdeab,dkNET-DRP
6194372d6bb96,nih-repotag
6194378833fb3,dkNET-DRP
619440196209e,nih-repotag
619441c4acb77,dkNET-DRP
61980ddc919a0,nih-repotag
6198116a6dfed,dkNET-DRP
61983144ed7d5,nih-repotag
6198331eb3593,dkNET-DRP
619855cdf252b,nih-repotag
61985711a8424,dkNET-DRP
6198635f7a0e6,nih-repotag
6198648660f3d,dkNET-DRP
619c189ff2a15,nih-repotag
619c1b5161bad,dkNET-DRP
619c32ba6e32b,nih-repotag
619c34b5360d2,dkNET-DRP
61a50edd51b77,nih-repotag
61a50fa18488f,dkNET-DRP
61a66c46bf63e,nih-repotag
61a66d491f16a,dkNET-DRP
61a67792d7cae,nih-repotag
61a67946c16f2,dkNET-DRP
61a67ea0d035e,nih-repotag
61a67f53dc9b3,dkNET-DRP
61a7b7e1b702c,nih-repotag
61a7bc9e3a002,dkNET-DRP
61a7d367c0770,nih-repotag
61a7d3c6aeb5d,dkNET-DRP
61a7e807dba71,nih-repotag
61a7e89c785ae,dkNET-DRP
61a9088e0473a,nih-repotag
61a909a92778f,dkNET-DRP
61a9171c4bc51,nih-repotag
61a9183722786,dkNET-DRP
61a9297ab439f,nih-repotag
61a92a18640d8,dkNET-DRP
61aa579266f9c,nih-repotag
61aa5882975cb,dkNET-DRP
61aa8d0ee4e26,nih-repotag
61aa8e7632db5,dkNET-DRP
61ae4f12d113f,nih-repotag
61ae6db443359,dkNET-DRP
61ae7b82bec16,nih-repotag
61ae7c9289651,dkNET-DRP
61ae86258c270,nih-repotag
61ae86c8d478a,dkNET-DRP
61af958cc8abe,dkNET-DRP
61afbe71c6643,nih-repotag
61afc04c3cc7a,dkNET-DRP
61afe1bc20b2b,nih-repotag
61afe38742749,dkNET-DRP
61b2356fd0da7,nih-repotag
61b23d317644e,dkNET-DRP
61b25727446b0,nih-repotag
61b257c62b44a,dkNET-DRP
61b26393d0bdb,nih-repotag
61b2654669195,dkNET-DRP
61b38d900de6a,nih-repotag
61b38f199319f,dkNET-DRP
61b3966dde82e,nih-repotag
61b3991a21735,dkNET-DRP
621d07ad2f91a,nih-repotag
621d092455506,nih-repotag
621d12cf667c7,dkNET-DRP
621d4e8558a0d,nih-repotag
621d4ff4808c5,dkNET-DRP
621d657ef0079,nih-repotag
621d682e591a5,dkNET-DRP
